{"fx": -559.5238037109375, "cy": 320.0, "fy": -559.5238037109375, "cx": 240.0}