{"fx": -420.82135009765625, "cx": 320.0, "fy": -420.82135009765625, "cy": 180.0}